<?xml version="1.0" encoding="UTF-8"?>
<project-private xmlns="http://www.netbeans.org/ns/project-private/1">
    <editor-bookmarks xmlns="http://www.netbeans.org/ns/editor-bookmarks/2" lastBookmarkId="0"/>
    <open-files xmlns="http://www.netbeans.org/ns/projectui-open-files/2">
        <group>
            <file>file:/C:/Users/Frander/Desktop/TiendaLaModa/src/Modulos/Producto/Modificar_Producto.java</file>
            <file>file:/C:/Users/Frander/Desktop/TiendaLaModa/src/Modulos/Venta/Carrito.java</file>
            <file>file:/C:/Users/Frander/Desktop/TiendaLaModa/src/Modulos/Proveedor/Proveedores.java</file>
            <file>file:/C:/Users/Frander/Desktop/TiendaLaModa/src/Modulos/Login.java</file>
            <file>file:/C:/Users/Frander/Desktop/TiendaLaModa/src/Modulos/Venta/Lista_Productos.java</file>
            <file>file:/C:/Users/Frander/Desktop/TiendaLaModa/src/Modulos/Cliente/Insertar_Cliente.java</file>
            <file>file:/C:/Users/Frander/Desktop/TiendaLaModa/src/Modulos/Producto/Productos.java</file>
            <file>file:/C:/Users/Frander/Desktop/TiendaLaModa/src/Modulos/Proveedor/Modificar_Proveedor.java</file>
            <file>file:/C:/Users/Frander/Desktop/TiendaLaModa/src/Modulos/Venta/Insertar_Venta.java</file>
            <file>file:/C:/Users/Frander/Desktop/TiendaLaModa/src/Modulos/Empleado/Insertar_Empleado.java</file>
            <file>file:/C:/Users/Frander/Desktop/TiendaLaModa/src/Modulos/Producto/Insertar_Producto.java</file>
            <file>file:/C:/Users/Frander/Desktop/TiendaLaModa/src/Modulos/Empleado/Modificar_Empleado.java</file>
            <file>file:/C:/Users/Frander/Desktop/TiendaLaModa/src/Modulos/Main_Menu.java</file>
            <file>file:/C:/Users/Frander/Desktop/TiendaLaModa/src/Modulos/Empleado/Empleados.java</file>
            <file>file:/C:/Users/Frander/Desktop/TiendaLaModa/src/Modulos/Cliente/Clientes.java</file>
            <file>file:/C:/Users/Frander/Desktop/TiendaLaModa/src/Modulos/Venta/Ventas.java</file>
            <file>file:/C:/Users/Frander/Desktop/TiendaLaModa/src/Modulos/Cliente/Modificar_Cliente.java</file>
            <file>file:/C:/Users/Frander/Desktop/TiendaLaModa/src/Modulos/Proveedor/Insertar_Proveedor.java</file>
            <file>file:/C:/Users/Frander/Desktop/TiendaLaModa/src/Modulos/Venta/Modificar_Venta.java</file>
        </group>
    </open-files>
</project-private>
